medical_record_number,first_name,last_name,date_of_birth,gender,phone_number,email,communication_consent,preferred_language,preferred_call_time,discharge_days_ago,demo_scenario
DEMO-0001,Aarav,Sharma,1994-01-24,Male,+919946913810,demo.patient001@example.com,true,English,09:00,6,routine_followup
DEMO-0002,Vivaan,Sharma,1987-03-24,Female,+919923756669,demo.patient002@example.com,true,Telugu,10:00,2,medication_question
DEMO-0003,Aditya,Sharma,1954-09-03,Male,+919989254563,demo.patient003@example.com,true,Hindi,11:00,6,symptom_followup
DEMO-0004,Arjun,Sharma,1999-01-03,Female,+919939345092,demo.patient004@example.com,true,English,14:00,4,red_flag
DEMO-0005,Rahul,Sharma,1969-10-01,Male,+919985329037,demo.patient005@example.com,true,Telugu,15:00,2,routine_followup
DEMO-0006,Kiran,Sharma,1956-11-23,Female,+919983140807,demo.patient006@example.com,true,Hindi,16:00,2,medication_question
DEMO-0007,Rohan,Sharma,1987-08-19,Male,+919947338124,demo.patient007@example.com,true,English,17:00,4,symptom_followup
DEMO-0008,Vikram,Sharma,1953-03-23,Female,+919966722344,demo.patient008@example.com,true,Telugu,09:00,1,red_flag
DEMO-0009,Sanjay,Sharma,1984-03-07,Male,+919955176955,demo.patient009@example.com,true,Hindi,10:00,3,routine_followup
DEMO-0010,Nikhil,Sharma,1996-07-04,Female,+919958181396,demo.patient010@example.com,true,English,11:00,1,medication_question
DEMO-0011,Ananya,Sharma,1963-05-26,Male,+919915831819,demo.patient011@example.com,true,Telugu,14:00,3,symptom_followup
DEMO-0012,Diya,Sharma,1972-09-04,Female,+919960806024,demo.patient012@example.com,true,Hindi,15:00,6,red_flag
DEMO-0013,Isha,Sharma,1966-05-27,Male,+919994374605,demo.patient013@example.com,true,English,16:00,1,routine_followup
DEMO-0014,Priya,Sharma,1945-06-19,Female,+919935808537,demo.patient014@example.com,true,Telugu,17:00,5,medication_question
DEMO-0015,Sneha,Sharma,1997-01-22,Male,+919940587988,demo.patient015@example.com,true,Hindi,09:00,6,symptom_followup
DEMO-0016,Kavya,Sharma,1996-04-28,Female,+919923556182,demo.patient016@example.com,true,English,10:00,3,red_flag
DEMO-0017,Meera,Sharma,1984-08-21,Male,+919958966946,demo.patient017@example.com,true,Telugu,11:00,4,routine_followup
DEMO-0018,Pooja,Sharma,1978-06-07,Female,+919999949389,demo.patient018@example.com,true,Hindi,14:00,2,medication_question
DEMO-0019,Neha,Sharma,1957-11-21,Male,+919919583482,demo.patient019@example.com,true,English,15:00,3,symptom_followup
DEMO-0020,Aisha,Sharma,1961-03-18,Female,+919942857966,demo.patient020@example.com,true,Telugu,16:00,5,red_flag
DEMO-0021,Aarav,Reddy,1972-07-09,Male,+919995899313,demo.patient021@example.com,true,Hindi,17:00,2,routine_followup
DEMO-0022,Vivaan,Reddy,1966-04-22,Female,+919953524491,demo.patient022@example.com,true,English,09:00,6,medication_question
DEMO-0023,Aditya,Reddy,1987-01-26,Male,+919952339391,demo.patient023@example.com,true,Telugu,10:00,1,symptom_followup
DEMO-0024,Arjun,Reddy,1984-02-07,Female,+919986125617,demo.patient024@example.com,true,Hindi,11:00,4,red_flag
DEMO-0025,Rahul,Reddy,1981-04-21,Male,+919977005685,demo.patient025@example.com,true,English,14:00,6,routine_followup
DEMO-0026,Kiran,Reddy,1945-11-15,Female,+919929175900,demo.patient026@example.com,true,Telugu,15:00,4,medication_question
DEMO-0027,Rohan,Reddy,1993-04-24,Male,+919985345555,demo.patient027@example.com,true,Hindi,16:00,3,symptom_followup
DEMO-0028,Vikram,Reddy,1985-12-19,Female,+919967503414,demo.patient028@example.com,true,English,17:00,5,red_flag
DEMO-0029,Sanjay,Reddy,1976-06-08,Male,+919928566572,demo.patient029@example.com,true,Telugu,09:00,5,routine_followup
DEMO-0030,Nikhil,Reddy,1970-02-25,Female,+919916323852,demo.patient030@example.com,true,Hindi,10:00,5,medication_question
DEMO-0031,Ananya,Reddy,1992-11-06,Male,+919966661351,demo.patient031@example.com,true,English,11:00,1,symptom_followup
DEMO-0032,Diya,Reddy,1997-07-13,Female,+919989978790,demo.patient032@example.com,true,Telugu,14:00,5,red_flag
DEMO-0033,Isha,Reddy,1968-05-18,Male,+919911540956,demo.patient033@example.com,true,Hindi,15:00,4,routine_followup
DEMO-0034,Priya,Reddy,1955-02-22,Female,+919982070937,demo.patient034@example.com,true,English,16:00,6,medication_question
DEMO-0035,Sneha,Reddy,1952-11-11,Male,+919924972279,demo.patient035@example.com,true,Telugu,17:00,3,symptom_followup
DEMO-0036,Kavya,Reddy,1974-03-15,Female,+919910435578,demo.patient036@example.com,true,Hindi,09:00,3,red_flag
DEMO-0037,Meera,Reddy,1945-12-09,Male,+919977187530,demo.patient037@example.com,true,English,10:00,6,routine_followup
DEMO-0038,Pooja,Reddy,1969-02-28,Female,+919993926371,demo.patient038@example.com,true,Telugu,11:00,2,medication_question
DEMO-0039,Neha,Reddy,1948-11-17,Male,+919991734598,demo.patient039@example.com,true,Hindi,14:00,3,symptom_followup
DEMO-0040,Aisha,Reddy,1992-06-25,Female,+919931682744,demo.patient040@example.com,true,English,15:00,2,red_flag
DEMO-0041,Aarav,Rao,1952-09-01,Male,+919990388981,demo.patient041@example.com,true,Telugu,16:00,5,routine_followup
DEMO-0042,Vivaan,Rao,1970-01-04,Female,+919958718453,demo.patient042@example.com,true,Hindi,17:00,3,medication_question
DEMO-0043,Aditya,Rao,1986-01-08,Male,+919986149359,demo.patient043@example.com,true,English,09:00,3,symptom_followup
DEMO-0044,Arjun,Rao,1996-12-16,Female,+919919289546,demo.patient044@example.com,true,Telugu,10:00,1,red_flag
DEMO-0045,Rahul,Rao,1952-03-05,Male,+919998550256,demo.patient045@example.com,true,Hindi,11:00,5,routine_followup
DEMO-0046,Kiran,Rao,1966-03-09,Female,+919980823176,demo.patient046@example.com,true,English,14:00,4,medication_question
DEMO-0047,Rohan,Rao,1974-04-18,Male,+919936998038,demo.patient047@example.com,true,Telugu,15:00,5,symptom_followup
DEMO-0048,Vikram,Rao,1982-07-22,Female,+919997225156,demo.patient048@example.com,true,Hindi,16:00,6,red_flag
DEMO-0049,Sanjay,Rao,1973-09-15,Male,+919926240908,demo.patient049@example.com,true,English,17:00,3,routine_followup
DEMO-0050,Nikhil,Rao,1987-02-11,Female,+919912823170,demo.patient050@example.com,true,Telugu,09:00,2,medication_question
DEMO-0051,Ananya,Rao,1966-04-19,Male,+919939557077,demo.patient051@example.com,true,Hindi,10:00,5,symptom_followup
DEMO-0052,Diya,Rao,1997-12-21,Female,+919917901903,demo.patient052@example.com,true,English,11:00,1,red_flag
DEMO-0053,Isha,Rao,1997-01-28,Male,+919954349361,demo.patient053@example.com,true,Telugu,14:00,2,routine_followup
DEMO-0054,Priya,Rao,1969-04-09,Female,+919999788677,demo.patient054@example.com,true,Hindi,15:00,1,medication_question
DEMO-0055,Sneha,Rao,1988-09-05,Male,+919986644106,demo.patient055@example.com,true,English,16:00,4,symptom_followup
DEMO-0056,Kavya,Rao,1971-04-26,Female,+919973481353,demo.patient056@example.com,true,Telugu,17:00,5,red_flag
DEMO-0057,Meera,Rao,1989-02-04,Male,+919998447167,demo.patient057@example.com,true,Hindi,09:00,4,routine_followup
DEMO-0058,Pooja,Rao,1979-07-14,Female,+919972682989,demo.patient058@example.com,true,English,10:00,4,medication_question
DEMO-0059,Neha,Rao,1998-11-21,Male,+919996728778,demo.patient059@example.com,true,Telugu,11:00,6,symptom_followup
DEMO-0060,Aisha,Rao,1998-07-24,Female,+919955540424,demo.patient060@example.com,true,Hindi,14:00,1,red_flag
DEMO-0061,Aarav,Patel,1986-04-07,Male,+919981979055,demo.patient061@example.com,true,English,15:00,1,routine_followup
DEMO-0062,Vivaan,Patel,1993-07-06,Female,+919947385696,demo.patient062@example.com,true,Telugu,16:00,4,medication_question
DEMO-0063,Aditya,Patel,1986-02-15,Male,+919983863413,demo.patient063@example.com,true,Hindi,17:00,4,symptom_followup
DEMO-0064,Arjun,Patel,1998-11-18,Female,+919911980765,demo.patient064@example.com,true,English,09:00,1,red_flag
DEMO-0065,Rahul,Patel,1953-04-06,Male,+919964547971,demo.patient065@example.com,true,Telugu,10:00,1,routine_followup
DEMO-0066,Kiran,Patel,1971-04-28,Female,+919963826716,demo.patient066@example.com,true,Hindi,11:00,4,medication_question
DEMO-0067,Rohan,Patel,1991-07-01,Male,+919962401521,demo.patient067@example.com,true,English,14:00,1,symptom_followup
DEMO-0068,Vikram,Patel,1951-08-10,Female,+919966775103,demo.patient068@example.com,true,Telugu,15:00,3,red_flag
DEMO-0069,Sanjay,Patel,1955-09-22,Male,+919975319931,demo.patient069@example.com,true,Hindi,16:00,6,routine_followup
DEMO-0070,Nikhil,Patel,1989-05-07,Female,+919917849494,demo.patient070@example.com,true,English,17:00,2,medication_question
DEMO-0071,Ananya,Patel,1954-09-02,Male,+919952091325,demo.patient071@example.com,true,Telugu,09:00,5,symptom_followup
DEMO-0072,Diya,Patel,1998-10-16,Female,+919977491435,demo.patient072@example.com,true,Hindi,10:00,1,red_flag
DEMO-0073,Isha,Patel,1991-01-17,Male,+919920752378,demo.patient073@example.com,true,English,11:00,5,routine_followup
DEMO-0074,Priya,Patel,1997-10-03,Female,+919941568532,demo.patient074@example.com,true,Telugu,14:00,2,medication_question
DEMO-0075,Sneha,Patel,1994-10-08,Male,+919987701200,demo.patient075@example.com,true,Hindi,15:00,4,symptom_followup
DEMO-0076,Kavya,Patel,1999-10-03,Female,+919966267415,demo.patient076@example.com,true,English,16:00,5,red_flag
DEMO-0077,Meera,Patel,1964-10-17,Male,+919952462441,demo.patient077@example.com,true,Telugu,17:00,6,routine_followup
DEMO-0078,Pooja,Patel,1988-11-23,Female,+919952169044,demo.patient078@example.com,true,Hindi,09:00,3,medication_question
DEMO-0079,Neha,Patel,1985-07-05,Male,+919996637649,demo.patient079@example.com,true,English,10:00,2,symptom_followup
DEMO-0080,Aisha,Patel,1972-06-25,Female,+919919736572,demo.patient080@example.com,true,Telugu,11:00,3,red_flag
DEMO-0081,Aarav,Kumar,1972-10-19,Male,+919923419256,demo.patient081@example.com,true,Hindi,14:00,1,routine_followup
DEMO-0082,Vivaan,Kumar,1967-04-17,Female,+919945594597,demo.patient082@example.com,true,English,15:00,1,medication_question
DEMO-0083,Aditya,Kumar,1979-02-08,Male,+919959597086,demo.patient083@example.com,true,Telugu,16:00,2,symptom_followup
DEMO-0084,Arjun,Kumar,1991-08-27,Female,+919982909480,demo.patient084@example.com,true,Hindi,17:00,3,red_flag
DEMO-0085,Rahul,Kumar,1982-10-26,Male,+919997775215,demo.patient085@example.com,true,English,09:00,6,routine_followup
DEMO-0086,Kiran,Kumar,2001-11-27,Female,+919984437458,demo.patient086@example.com,true,Telugu,10:00,5,medication_question
DEMO-0087,Rohan,Kumar,1959-02-05,Male,+919945496015,demo.patient087@example.com,true,Hindi,11:00,3,symptom_followup
DEMO-0088,Vikram,Kumar,1945-02-24,Female,+919984252420,demo.patient088@example.com,true,English,14:00,1,red_flag
DEMO-0089,Sanjay,Kumar,1984-05-20,Male,+919938270233,demo.patient089@example.com,true,Telugu,15:00,2,routine_followup
DEMO-0090,Nikhil,Kumar,1980-04-22,Female,+919995125977,demo.patient090@example.com,true,Hindi,16:00,6,medication_question
DEMO-0091,Ananya,Kumar,1969-08-09,Male,+919916818112,demo.patient091@example.com,true,English,17:00,3,symptom_followup
DEMO-0092,Diya,Kumar,1961-07-27,Female,+919947135391,demo.patient092@example.com,true,Telugu,09:00,1,red_flag
DEMO-0093,Isha,Kumar,2001-06-25,Male,+919927558317,demo.patient093@example.com,true,Hindi,10:00,1,routine_followup
DEMO-0094,Priya,Kumar,1985-03-24,Female,+919969302158,demo.patient094@example.com,true,English,11:00,6,medication_question
DEMO-0095,Sneha,Kumar,1956-07-18,Male,+919911297845,demo.patient095@example.com,true,Telugu,14:00,5,symptom_followup
DEMO-0096,Kavya,Kumar,1997-12-05,Female,+919983227889,demo.patient096@example.com,true,Hindi,15:00,1,red_flag
DEMO-0097,Meera,Kumar,1948-06-19,Male,+919984158663,demo.patient097@example.com,true,English,16:00,1,routine_followup
DEMO-0098,Pooja,Kumar,1974-03-02,Female,+919951373735,demo.patient098@example.com,true,Telugu,17:00,2,medication_question
DEMO-0099,Neha,Kumar,1944-01-12,Male,+919938195995,demo.patient099@example.com,true,Hindi,09:00,3,symptom_followup
DEMO-0100,Aisha,Kumar,1986-11-04,Female,+919957469942,demo.patient100@example.com,true,English,10:00,6,red_flag
DEMO-0101,Aarav,Verma,1945-07-20,Male,+919930743797,demo.patient101@example.com,true,Telugu,11:00,5,routine_followup
DEMO-0102,Vivaan,Verma,1946-03-26,Female,+919933763566,demo.patient102@example.com,true,Hindi,14:00,2,medication_question
DEMO-0103,Aditya,Verma,2000-03-24,Male,+919954585178,demo.patient103@example.com,true,English,15:00,4,symptom_followup
DEMO-0104,Arjun,Verma,1950-11-28,Female,+919943308443,demo.patient104@example.com,true,Telugu,16:00,4,red_flag
DEMO-0105,Rahul,Verma,1991-12-04,Male,+919961343880,demo.patient105@example.com,true,Hindi,17:00,3,routine_followup
DEMO-0106,Kiran,Verma,1947-08-08,Female,+919936786211,demo.patient106@example.com,true,English,09:00,1,medication_question
DEMO-0107,Rohan,Verma,1979-05-27,Male,+919940547349,demo.patient107@example.com,true,Telugu,10:00,4,symptom_followup
DEMO-0108,Vikram,Verma,2000-11-07,Female,+919963481198,demo.patient108@example.com,true,Hindi,11:00,2,red_flag
DEMO-0109,Sanjay,Verma,1984-02-25,Male,+919947463522,demo.patient109@example.com,true,English,14:00,3,routine_followup
DEMO-0110,Nikhil,Verma,1960-09-13,Female,+919981969657,demo.patient110@example.com,true,Telugu,15:00,3,medication_question
DEMO-0111,Ananya,Verma,2000-02-09,Male,+919933966966,demo.patient111@example.com,true,Hindi,16:00,3,symptom_followup
DEMO-0112,Diya,Verma,1985-01-04,Female,+919990070438,demo.patient112@example.com,true,English,17:00,5,red_flag
DEMO-0113,Isha,Verma,1979-12-26,Male,+919952101056,demo.patient113@example.com,true,Telugu,09:00,4,routine_followup
DEMO-0114,Priya,Verma,1963-09-04,Female,+919961700055,demo.patient114@example.com,true,Hindi,10:00,4,medication_question
DEMO-0115,Sneha,Verma,1989-05-02,Male,+919968526649,demo.patient115@example.com,true,English,11:00,5,symptom_followup
DEMO-0116,Kavya,Verma,1968-09-22,Female,+919936445607,demo.patient116@example.com,true,Telugu,14:00,1,red_flag
DEMO-0117,Meera,Verma,1974-02-22,Male,+919954318698,demo.patient117@example.com,true,Hindi,15:00,3,routine_followup
DEMO-0118,Pooja,Verma,1981-11-28,Female,+919926726926,demo.patient118@example.com,true,English,16:00,5,medication_question
DEMO-0119,Neha,Verma,1944-05-17,Male,+919951511484,demo.patient119@example.com,true,Telugu,17:00,6,symptom_followup
DEMO-0120,Aisha,Verma,1975-06-13,Female,+919949682169,demo.patient120@example.com,true,Hindi,09:00,6,red_flag
DEMO-0121,Aarav,Singh,1993-04-14,Male,+919999245317,demo.patient121@example.com,true,English,10:00,5,routine_followup
DEMO-0122,Vivaan,Singh,1958-12-06,Female,+919992613013,demo.patient122@example.com,true,Telugu,11:00,4,medication_question
DEMO-0123,Aditya,Singh,1982-07-18,Male,+919910054484,demo.patient123@example.com,true,Hindi,14:00,5,symptom_followup
DEMO-0124,Arjun,Singh,1983-04-14,Female,+919987844239,demo.patient124@example.com,true,English,15:00,3,red_flag
DEMO-0125,Rahul,Singh,1960-06-15,Male,+919969295515,demo.patient125@example.com,true,Telugu,16:00,5,routine_followup
DEMO-0126,Kiran,Singh,1958-04-17,Female,+919973509974,demo.patient126@example.com,true,Hindi,17:00,4,medication_question
DEMO-0127,Rohan,Singh,1991-11-03,Male,+919948089166,demo.patient127@example.com,true,English,09:00,6,symptom_followup
DEMO-0128,Vikram,Singh,1959-11-20,Female,+919954988206,demo.patient128@example.com,true,Telugu,10:00,5,red_flag
DEMO-0129,Sanjay,Singh,1949-04-22,Male,+919951663795,demo.patient129@example.com,true,Hindi,11:00,1,routine_followup
DEMO-0130,Nikhil,Singh,1950-04-05,Female,+919913278320,demo.patient130@example.com,true,English,14:00,2,medication_question
DEMO-0131,Ananya,Singh,1986-08-20,Male,+919919774839,demo.patient131@example.com,true,Telugu,15:00,1,symptom_followup
DEMO-0132,Diya,Singh,1975-11-19,Female,+919936096655,demo.patient132@example.com,true,Hindi,16:00,4,red_flag
DEMO-0133,Isha,Singh,1957-07-16,Male,+919963640499,demo.patient133@example.com,true,English,17:00,6,routine_followup
DEMO-0134,Priya,Singh,1992-11-23,Female,+919910744212,demo.patient134@example.com,true,Telugu,09:00,2,medication_question
DEMO-0135,Sneha,Singh,1952-07-08,Male,+919933607110,demo.patient135@example.com,true,Hindi,10:00,1,symptom_followup
DEMO-0136,Kavya,Singh,1968-08-02,Female,+919984813739,demo.patient136@example.com,true,English,11:00,6,red_flag
DEMO-0137,Meera,Singh,1947-02-15,Male,+919927896471,demo.patient137@example.com,true,Telugu,14:00,2,routine_followup
DEMO-0138,Pooja,Singh,1959-09-18,Female,+919989920257,demo.patient138@example.com,true,Hindi,15:00,4,medication_question
DEMO-0139,Neha,Singh,1953-08-20,Male,+919977750178,demo.patient139@example.com,true,English,16:00,3,symptom_followup
DEMO-0140,Aisha,Singh,1948-09-15,Female,+919931361812,demo.patient140@example.com,true,Telugu,17:00,4,red_flag
DEMO-0141,Aarav,Naidu,1946-08-15,Male,+919944788100,demo.patient141@example.com,true,Hindi,09:00,6,routine_followup
DEMO-0142,Vivaan,Naidu,1948-11-09,Female,+919979967676,demo.patient142@example.com,true,English,10:00,2,medication_question
DEMO-0143,Aditya,Naidu,1961-04-09,Male,+919969038700,demo.patient143@example.com,true,Telugu,11:00,4,symptom_followup
DEMO-0144,Arjun,Naidu,1956-05-08,Female,+919946468984,demo.patient144@example.com,true,Hindi,14:00,1,red_flag
DEMO-0145,Rahul,Naidu,1981-09-03,Male,+919928572252,demo.patient145@example.com,true,English,15:00,3,routine_followup
DEMO-0146,Kiran,Naidu,1987-07-23,Female,+919930509175,demo.patient146@example.com,true,Telugu,16:00,2,medication_question
DEMO-0147,Rohan,Naidu,1988-02-14,Male,+919964707061,demo.patient147@example.com,true,Hindi,17:00,6,symptom_followup
DEMO-0148,Vikram,Naidu,1967-08-14,Female,+919918357162,demo.patient148@example.com,true,English,09:00,3,red_flag
DEMO-0149,Sanjay,Naidu,1948-07-13,Male,+919988393811,demo.patient149@example.com,true,Telugu,10:00,2,routine_followup
DEMO-0150,Nikhil,Naidu,2000-10-13,Female,+919974019136,demo.patient150@example.com,true,Hindi,11:00,6,medication_question
DEMO-0151,Ananya,Naidu,1979-05-25,Male,+919962343121,demo.patient151@example.com,true,English,14:00,1,symptom_followup
DEMO-0152,Diya,Naidu,1967-12-24,Female,+919983300637,demo.patient152@example.com,true,Telugu,15:00,4,red_flag
DEMO-0153,Isha,Naidu,1944-04-16,Male,+919939450273,demo.patient153@example.com,true,Hindi,16:00,5,routine_followup
DEMO-0154,Priya,Naidu,1974-08-01,Female,+919962191530,demo.patient154@example.com,true,English,17:00,3,medication_question
DEMO-0155,Sneha,Naidu,1959-11-26,Male,+919964266464,demo.patient155@example.com,true,Telugu,09:00,3,symptom_followup
DEMO-0156,Kavya,Naidu,1991-08-05,Female,+919993517915,demo.patient156@example.com,true,Hindi,10:00,6,red_flag
DEMO-0157,Meera,Naidu,2000-07-19,Male,+919985751409,demo.patient157@example.com,true,English,11:00,5,routine_followup
DEMO-0158,Pooja,Naidu,2000-02-21,Female,+919967527432,demo.patient158@example.com,true,Telugu,14:00,6,medication_question
DEMO-0159,Neha,Naidu,1946-08-06,Male,+919916749089,demo.patient159@example.com,true,Hindi,15:00,2,symptom_followup
DEMO-0160,Aisha,Naidu,1977-06-07,Female,+919971028710,demo.patient160@example.com,true,English,16:00,3,red_flag
DEMO-0161,Aarav,Iyer,1980-07-09,Male,+919966581473,demo.patient161@example.com,true,Telugu,17:00,3,routine_followup
DEMO-0162,Vivaan,Iyer,1948-02-16,Female,+919912601580,demo.patient162@example.com,true,Hindi,09:00,3,medication_question
DEMO-0163,Aditya,Iyer,1967-01-12,Male,+919940094589,demo.patient163@example.com,true,English,10:00,6,symptom_followup
DEMO-0164,Arjun,Iyer,1997-11-02,Female,+919914164775,demo.patient164@example.com,true,Telugu,11:00,6,red_flag
DEMO-0165,Rahul,Iyer,1989-01-20,Male,+919930452412,demo.patient165@example.com,true,Hindi,14:00,2,routine_followup
DEMO-0166,Kiran,Iyer,1993-08-22,Female,+919925353091,demo.patient166@example.com,true,English,15:00,2,medication_question
DEMO-0167,Rohan,Iyer,1988-08-23,Male,+919944392446,demo.patient167@example.com,true,Telugu,16:00,5,symptom_followup
DEMO-0168,Vikram,Iyer,1991-10-20,Female,+919925372341,demo.patient168@example.com,true,Hindi,17:00,3,red_flag
DEMO-0169,Sanjay,Iyer,1982-02-19,Male,+919913446499,demo.patient169@example.com,true,English,09:00,2,routine_followup
DEMO-0170,Nikhil,Iyer,1965-11-13,Female,+919963238057,demo.patient170@example.com,true,Telugu,10:00,3,medication_question
DEMO-0171,Ananya,Iyer,1989-02-19,Male,+919994187049,demo.patient171@example.com,true,Hindi,11:00,6,symptom_followup
DEMO-0172,Diya,Iyer,1995-12-25,Female,+919950477742,demo.patient172@example.com,true,English,14:00,2,red_flag
DEMO-0173,Isha,Iyer,1963-02-26,Male,+919985958181,demo.patient173@example.com,true,Telugu,15:00,6,routine_followup
DEMO-0174,Priya,Iyer,1979-09-14,Female,+919998787891,demo.patient174@example.com,true,Hindi,16:00,1,medication_question
DEMO-0175,Sneha,Iyer,1997-09-21,Male,+919955799273,demo.patient175@example.com,true,English,17:00,3,symptom_followup
DEMO-0176,Kavya,Iyer,1947-07-27,Female,+919975793759,demo.patient176@example.com,true,Telugu,09:00,1,red_flag
DEMO-0177,Meera,Iyer,1974-06-21,Male,+919971705170,demo.patient177@example.com,true,Hindi,10:00,1,routine_followup
DEMO-0178,Pooja,Iyer,1992-07-06,Female,+919980027662,demo.patient178@example.com,true,English,11:00,6,medication_question
DEMO-0179,Neha,Iyer,1984-10-26,Male,+919982232344,demo.patient179@example.com,true,Telugu,14:00,6,symptom_followup
DEMO-0180,Aisha,Iyer,1972-07-27,Female,+919989520597,demo.patient180@example.com,true,Hindi,15:00,4,red_flag
DEMO-0181,Aarav,Gupta,1981-04-27,Male,+919921631697,demo.patient181@example.com,true,English,16:00,3,routine_followup
DEMO-0182,Vivaan,Gupta,1945-08-08,Female,+919972372114,demo.patient182@example.com,true,Telugu,17:00,3,medication_question
DEMO-0183,Aditya,Gupta,1962-11-13,Male,+919955150390,demo.patient183@example.com,true,Hindi,09:00,5,symptom_followup
DEMO-0184,Arjun,Gupta,1970-06-06,Female,+919975437844,demo.patient184@example.com,true,English,10:00,1,red_flag
DEMO-0185,Rahul,Gupta,1979-05-11,Male,+919947535126,demo.patient185@example.com,true,Telugu,11:00,2,routine_followup
DEMO-0186,Kiran,Gupta,1957-05-18,Female,+919911362459,demo.patient186@example.com,true,Hindi,14:00,5,medication_question
DEMO-0187,Rohan,Gupta,1989-02-08,Male,+919964549859,demo.patient187@example.com,true,English,15:00,5,symptom_followup
DEMO-0188,Vikram,Gupta,1966-04-23,Female,+919973900135,demo.patient188@example.com,true,Telugu,16:00,4,red_flag
DEMO-0189,Sanjay,Gupta,1956-08-15,Male,+919912314351,demo.patient189@example.com,true,Hindi,17:00,6,routine_followup
DEMO-0190,Nikhil,Gupta,1983-04-13,Female,+919942655866,demo.patient190@example.com,true,English,09:00,1,medication_question
DEMO-0191,Ananya,Gupta,1959-10-12,Male,+919973519947,demo.patient191@example.com,true,Telugu,10:00,3,symptom_followup
DEMO-0192,Diya,Gupta,1968-06-14,Female,+919983871890,demo.patient192@example.com,true,Hindi,11:00,5,red_flag
DEMO-0193,Isha,Gupta,1979-12-15,Male,+919946361787,demo.patient193@example.com,true,English,14:00,3,routine_followup
DEMO-0194,Priya,Gupta,1985-04-04,Female,+919935848226,demo.patient194@example.com,true,Telugu,15:00,3,medication_question
DEMO-0195,Sneha,Gupta,1994-12-18,Male,+919934850391,demo.patient195@example.com,true,Hindi,16:00,3,symptom_followup
DEMO-0196,Kavya,Gupta,1988-12-16,Female,+919947111151,demo.patient196@example.com,true,English,17:00,2,red_flag
DEMO-0197,Meera,Gupta,1964-09-20,Male,+919947983442,demo.patient197@example.com,true,Telugu,09:00,6,routine_followup
DEMO-0198,Pooja,Gupta,1948-04-10,Female,+919940532273,demo.patient198@example.com,true,Hindi,10:00,1,medication_question
DEMO-0199,Neha,Gupta,1990-05-01,Male,+919981690398,demo.patient199@example.com,true,English,11:00,3,symptom_followup
DEMO-0200,Aisha,Gupta,1984-01-02,Female,+919984270583,demo.patient200@example.com,true,Telugu,14:00,2,red_flag
DEMO-0201,Aarav,Das,1957-03-21,Male,+919975884623,demo.patient201@example.com,true,Hindi,15:00,3,routine_followup
DEMO-0202,Vivaan,Das,1946-01-19,Female,+919948163378,demo.patient202@example.com,true,English,16:00,1,medication_question
DEMO-0203,Aditya,Das,1971-08-11,Male,+919934744872,demo.patient203@example.com,true,Telugu,17:00,4,symptom_followup
DEMO-0204,Arjun,Das,1985-08-04,Female,+919918770247,demo.patient204@example.com,true,Hindi,09:00,1,red_flag
DEMO-0205,Rahul,Das,1970-02-19,Male,+919994482772,demo.patient205@example.com,true,English,10:00,4,routine_followup
DEMO-0206,Kiran,Das,1998-03-05,Female,+919985543051,demo.patient206@example.com,true,Telugu,11:00,6,medication_question
DEMO-0207,Rohan,Das,1996-04-04,Male,+919984903294,demo.patient207@example.com,true,Hindi,14:00,3,symptom_followup
DEMO-0208,Vikram,Das,1963-10-26,Female,+919993002706,demo.patient208@example.com,true,English,15:00,4,red_flag
DEMO-0209,Sanjay,Das,1952-09-13,Male,+919970467027,demo.patient209@example.com,true,Telugu,16:00,2,routine_followup
DEMO-0210,Nikhil,Das,1982-10-14,Female,+919950987442,demo.patient210@example.com,true,Hindi,17:00,4,medication_question
DEMO-0211,Ananya,Das,1962-01-20,Male,+919923318904,demo.patient211@example.com,true,English,09:00,5,symptom_followup
DEMO-0212,Diya,Das,1961-04-09,Female,+919998641164,demo.patient212@example.com,true,Telugu,10:00,2,red_flag
DEMO-0213,Isha,Das,1991-04-06,Male,+919984087145,demo.patient213@example.com,true,Hindi,11:00,1,routine_followup
DEMO-0214,Priya,Das,1991-01-14,Female,+919970465583,demo.patient214@example.com,true,English,14:00,1,medication_question
DEMO-0215,Sneha,Das,1963-08-10,Male,+919914380847,demo.patient215@example.com,true,Telugu,15:00,6,symptom_followup
DEMO-0216,Kavya,Das,1983-12-10,Female,+919970939053,demo.patient216@example.com,true,Hindi,16:00,2,red_flag
DEMO-0217,Meera,Das,1958-04-09,Male,+919993893865,demo.patient217@example.com,true,English,17:00,1,routine_followup
DEMO-0218,Pooja,Das,1959-04-14,Female,+919925405014,demo.patient218@example.com,true,Telugu,09:00,5,medication_question
DEMO-0219,Neha,Das,1987-11-05,Male,+919945652586,demo.patient219@example.com,true,Hindi,10:00,5,symptom_followup
DEMO-0220,Aisha,Das,1997-01-06,Female,+919951286958,demo.patient220@example.com,true,English,11:00,2,red_flag
DEMO-0221,Aarav,Mishra,1954-10-10,Male,+919968942178,demo.patient221@example.com,true,Telugu,14:00,5,routine_followup
DEMO-0222,Vivaan,Mishra,1972-12-10,Female,+919964023778,demo.patient222@example.com,true,Hindi,15:00,1,medication_question
DEMO-0223,Aditya,Mishra,1969-09-16,Male,+919968755000,demo.patient223@example.com,true,English,16:00,3,symptom_followup
DEMO-0224,Arjun,Mishra,1963-01-14,Female,+919953261270,demo.patient224@example.com,true,Telugu,17:00,1,red_flag
DEMO-0225,Rahul,Mishra,1985-01-03,Male,+919940725714,demo.patient225@example.com,true,Hindi,09:00,5,routine_followup
DEMO-0226,Kiran,Mishra,1948-10-19,Female,+919912784407,demo.patient226@example.com,true,English,10:00,6,medication_question
DEMO-0227,Rohan,Mishra,1949-05-19,Male,+919915399803,demo.patient227@example.com,true,Telugu,11:00,6,symptom_followup
DEMO-0228,Vikram,Mishra,1971-09-21,Female,+919969355025,demo.patient228@example.com,true,Hindi,14:00,2,red_flag
DEMO-0229,Sanjay,Mishra,1990-10-14,Male,+919995199362,demo.patient229@example.com,true,English,15:00,3,routine_followup
DEMO-0230,Nikhil,Mishra,1996-08-12,Female,+919964807553,demo.patient230@example.com,true,Telugu,16:00,4,medication_question
DEMO-0231,Ananya,Mishra,1981-11-04,Male,+919931585546,demo.patient231@example.com,true,Hindi,17:00,3,symptom_followup
DEMO-0232,Diya,Mishra,1975-12-16,Female,+919948683937,demo.patient232@example.com,true,English,09:00,3,red_flag
DEMO-0233,Isha,Mishra,1976-09-02,Male,+919971045700,demo.patient233@example.com,true,Telugu,10:00,6,routine_followup
DEMO-0234,Priya,Mishra,1981-05-11,Female,+919925558733,demo.patient234@example.com,true,Hindi,11:00,1,medication_question
DEMO-0235,Sneha,Mishra,1946-09-27,Male,+919910154493,demo.patient235@example.com,true,English,14:00,4,symptom_followup
DEMO-0236,Kavya,Mishra,1946-09-15,Female,+919965465150,demo.patient236@example.com,true,Telugu,15:00,6,red_flag
DEMO-0237,Meera,Mishra,1989-09-12,Male,+919993568503,demo.patient237@example.com,true,Hindi,16:00,1,routine_followup
DEMO-0238,Pooja,Mishra,1961-08-25,Female,+919916927215,demo.patient238@example.com,true,English,17:00,4,medication_question
DEMO-0239,Neha,Mishra,1984-09-05,Male,+919948658617,demo.patient239@example.com,true,Telugu,09:00,2,symptom_followup
DEMO-0240,Aisha,Mishra,1945-12-16,Female,+919926297533,demo.patient240@example.com,true,Hindi,10:00,4,red_flag
DEMO-0241,Aarav,Joshi,1961-10-26,Male,+919942117961,demo.patient241@example.com,true,English,11:00,1,routine_followup
DEMO-0242,Vivaan,Joshi,1991-05-18,Female,+919911835355,demo.patient242@example.com,true,Telugu,14:00,6,medication_question
DEMO-0243,Aditya,Joshi,1975-02-08,Male,+919925228493,demo.patient243@example.com,true,Hindi,15:00,5,symptom_followup
DEMO-0244,Arjun,Joshi,1994-11-27,Female,+919930665654,demo.patient244@example.com,true,English,16:00,4,red_flag
DEMO-0245,Rahul,Joshi,1956-05-17,Male,+919946698468,demo.patient245@example.com,true,Telugu,17:00,4,routine_followup
DEMO-0246,Kiran,Joshi,1948-08-16,Female,+919942713008,demo.patient246@example.com,true,Hindi,09:00,4,medication_question
DEMO-0247,Rohan,Joshi,1966-03-13,Male,+919935583290,demo.patient247@example.com,true,English,10:00,4,symptom_followup
DEMO-0248,Vikram,Joshi,1969-12-05,Female,+919919369750,demo.patient248@example.com,true,Telugu,11:00,5,red_flag
DEMO-0249,Sanjay,Joshi,1952-07-11,Male,+919978147397,demo.patient249@example.com,true,Hindi,14:00,3,routine_followup
DEMO-0250,Nikhil,Joshi,1949-01-10,Female,+919950071487,demo.patient250@example.com,true,English,15:00,3,medication_question
DEMO-0251,Ananya,Joshi,1964-11-16,Male,+919929944139,demo.patient251@example.com,true,Telugu,16:00,5,symptom_followup
DEMO-0252,Diya,Joshi,1967-08-12,Female,+919954619335,demo.patient252@example.com,true,Hindi,17:00,4,red_flag
DEMO-0253,Isha,Joshi,1953-09-13,Male,+919971115319,demo.patient253@example.com,true,English,09:00,5,routine_followup
DEMO-0254,Priya,Joshi,1946-04-23,Female,+919942051937,demo.patient254@example.com,true,Telugu,10:00,3,medication_question
DEMO-0255,Sneha,Joshi,1977-04-28,Male,+919965133300,demo.patient255@example.com,true,Hindi,11:00,5,symptom_followup
DEMO-0256,Kavya,Joshi,1981-12-16,Female,+919961167978,demo.patient256@example.com,true,English,14:00,1,red_flag
DEMO-0257,Meera,Joshi,1959-11-05,Male,+919976481885,demo.patient257@example.com,true,Telugu,15:00,4,routine_followup
DEMO-0258,Pooja,Joshi,1993-09-19,Female,+919954559574,demo.patient258@example.com,true,Hindi,16:00,1,medication_question
DEMO-0259,Neha,Joshi,1946-08-04,Male,+919980591959,demo.patient259@example.com,true,English,17:00,1,symptom_followup
DEMO-0260,Aisha,Joshi,2001-12-05,Female,+919965026398,demo.patient260@example.com,true,Telugu,09:00,4,red_flag
DEMO-0261,Aarav,Nair,1992-02-16,Male,+919945570755,demo.patient261@example.com,true,Hindi,10:00,6,routine_followup
DEMO-0262,Vivaan,Nair,1962-12-13,Female,+919997219599,demo.patient262@example.com,true,English,11:00,3,medication_question
DEMO-0263,Aditya,Nair,1947-06-28,Male,+919981621574,demo.patient263@example.com,true,Telugu,14:00,1,symptom_followup
DEMO-0264,Arjun,Nair,1981-11-23,Female,+919975491202,demo.patient264@example.com,true,Hindi,15:00,4,red_flag
DEMO-0265,Rahul,Nair,1999-10-03,Male,+919941510328,demo.patient265@example.com,true,English,16:00,5,routine_followup
DEMO-0266,Kiran,Nair,1958-05-08,Female,+919922130508,demo.patient266@example.com,true,Telugu,17:00,6,medication_question
DEMO-0267,Rohan,Nair,1995-11-23,Male,+919923489853,demo.patient267@example.com,true,Hindi,09:00,4,symptom_followup
DEMO-0268,Vikram,Nair,1991-12-10,Female,+919913885234,demo.patient268@example.com,true,English,10:00,4,red_flag
DEMO-0269,Sanjay,Nair,1981-01-10,Male,+919958112135,demo.patient269@example.com,true,Telugu,11:00,1,routine_followup
DEMO-0270,Nikhil,Nair,1974-03-08,Female,+919981291936,demo.patient270@example.com,true,Hindi,14:00,3,medication_question
DEMO-0271,Ananya,Nair,1965-11-26,Male,+919934166826,demo.patient271@example.com,true,English,15:00,4,symptom_followup
DEMO-0272,Diya,Nair,1990-02-20,Female,+919961344226,demo.patient272@example.com,true,Telugu,16:00,2,red_flag
DEMO-0273,Isha,Nair,1958-04-16,Male,+919988270025,demo.patient273@example.com,true,Hindi,17:00,5,routine_followup
DEMO-0274,Priya,Nair,1987-08-21,Female,+919944088261,demo.patient274@example.com,true,English,09:00,2,medication_question
DEMO-0275,Sneha,Nair,1985-11-01,Male,+919972445234,demo.patient275@example.com,true,Telugu,10:00,4,symptom_followup
DEMO-0276,Kavya,Nair,1958-09-06,Female,+919919913576,demo.patient276@example.com,true,Hindi,11:00,3,red_flag
DEMO-0277,Meera,Nair,1979-10-10,Male,+919995756900,demo.patient277@example.com,true,English,14:00,4,routine_followup
DEMO-0278,Pooja,Nair,1957-05-15,Female,+919950550084,demo.patient278@example.com,true,Telugu,15:00,4,medication_question
DEMO-0279,Neha,Nair,1977-08-04,Male,+919941837210,demo.patient279@example.com,true,Hindi,16:00,2,symptom_followup
DEMO-0280,Aisha,Nair,1965-06-19,Female,+919949711319,demo.patient280@example.com,true,English,17:00,4,red_flag
DEMO-0281,Aarav,Menon,1983-01-27,Male,+919998346110,demo.patient281@example.com,true,Telugu,09:00,6,routine_followup
DEMO-0282,Vivaan,Menon,1984-01-19,Female,+919916582607,demo.patient282@example.com,true,Hindi,10:00,4,medication_question
DEMO-0283,Aditya,Menon,1954-08-27,Male,+919948412328,demo.patient283@example.com,true,English,11:00,5,symptom_followup
DEMO-0284,Arjun,Menon,1963-06-08,Female,+919995445405,demo.patient284@example.com,true,Telugu,14:00,2,red_flag
DEMO-0285,Rahul,Menon,1962-05-22,Male,+919998473848,demo.patient285@example.com,true,Hindi,15:00,2,routine_followup
DEMO-0286,Kiran,Menon,1948-03-21,Female,+919923041121,demo.patient286@example.com,true,English,16:00,6,medication_question
DEMO-0287,Rohan,Menon,1960-01-10,Male,+919969166287,demo.patient287@example.com,true,Telugu,17:00,6,symptom_followup
DEMO-0288,Vikram,Menon,1964-06-24,Female,+919927637794,demo.patient288@example.com,true,Hindi,09:00,1,red_flag
DEMO-0289,Sanjay,Menon,1983-06-24,Male,+919965767881,demo.patient289@example.com,true,English,10:00,1,routine_followup
DEMO-0290,Nikhil,Menon,1989-03-26,Female,+919982398083,demo.patient290@example.com,true,Telugu,11:00,2,medication_question
DEMO-0291,Ananya,Menon,1968-09-09,Male,+919932084778,demo.patient291@example.com,true,Hindi,14:00,3,symptom_followup
DEMO-0292,Diya,Menon,1949-08-26,Female,+919949613214,demo.patient292@example.com,true,English,15:00,3,red_flag
DEMO-0293,Isha,Menon,1946-06-26,Male,+919925457816,demo.patient293@example.com,true,Telugu,16:00,6,routine_followup
DEMO-0294,Priya,Menon,1997-03-25,Female,+919940281491,demo.patient294@example.com,true,Hindi,17:00,4,medication_question
DEMO-0295,Sneha,Menon,1955-11-13,Male,+919984801233,demo.patient295@example.com,true,English,09:00,6,symptom_followup
DEMO-0296,Kavya,Menon,1996-07-01,Female,+919945495029,demo.patient296@example.com,true,Telugu,10:00,3,red_flag
DEMO-0297,Meera,Menon,1994-08-12,Male,+919945186708,demo.patient297@example.com,true,Hindi,11:00,5,routine_followup
DEMO-0298,Pooja,Menon,1977-11-12,Female,+919924541967,demo.patient298@example.com,true,English,14:00,5,medication_question
DEMO-0299,Neha,Menon,1987-08-01,Male,+919993154172,demo.patient299@example.com,true,Telugu,15:00,6,symptom_followup
DEMO-0300,Aisha,Menon,1981-10-08,Female,+919996926431,demo.patient300@example.com,true,Hindi,16:00,5,red_flag
